{
  "token_acc": 0.9997681025,
  "token_p": 0.99628964,
  "token_r": 0.9982863284,
  "token_f": 0.9972869848,
  "pos_acc": 0.9705532162,
  "morph_acc": 0.8796817839,
  "morph_micro_p": 0.9382125213,
  "morph_micro_r": 0.9358539197,
  "morph_micro_f": 0.9370317363,
  "morph_per_feat": {
    "Case": {
      "p": 0.9054557125,
      "r": 0.9037155669,
      "f": 0.9045848028
    },
    "Gender": {
      "p": 0.9157375895,
      "r": 0.914556962,
      "f": 0.915146895
    },
    "Number": {
      "p": 0.9700246732,
      "r": 0.9680427494,
      "f": 0.9690326979
    },
    "AdpType": {
      "p": 0.9997330486,
      "r": 0.9981343284,
      "f": 0.9989330488
    },
    "Variant": {
      "p": 0.9930300807,
      "r": 0.9952205882,
      "f": 0.9941241278
    },
    "Animacy": {
      "p": 0.8441450036,
      "r": 0.8453546692,
      "f": 0.8447494033
    },
    "Degree": {
      "p": 0.9093959732,
      "r": 0.9382573572,
      "f": 0.9236012496
    },
    "Aspect": {
      "p": 0.8886207537,
      "r": 0.8789937569,
      "f": 0.8837810394
    },
    "Mood": {
      "p": 0.9758043074,
      "r": 0.9784057585,
      "f": 0.9771033014
    },
    "Person": {
      "p": 0.9778300302,
      "r": 0.9771735482,
      "f": 0.977501679
    },
    "Tense": {
      "p": 0.9611878093,
      "r": 0.964958159,
      "f": 0.963069294
    },
    "VerbForm": {
      "p": 0.9563636364,
      "r": 0.9463835912,
      "f": 0.9513474408
    },
    "Voice": {
      "p": 0.9666734819,
      "r": 0.958443138,
      "f": 0.9625407166
    },
    "PunctType": {
      "p": 0.9989545217,
      "r": 0.9973903967,
      "f": 0.9981718464
    },
    "NumForm": {
      "p": 0.9795081967,
      "r": 0.9695740365,
      "f": 0.9745158002
    },
    "PrepCase": {
      "p": 0.9902439024,
      "r": 0.9736211031,
      "f": 0.9818621524
    },
    "PronType": {
      "p": 0.9721634954,
      "r": 0.9633379888,
      "f": 0.9677306208
    },
    "Reflex": {
      "p": 0.995890411,
      "r": 0.9986263736,
      "f": 0.9972565158
    },
    "NumType": {
      "p": 0.9119170984,
      "r": 0.8648648649,
      "f": 0.8877679697
    },
    "Polarity": {
      "p": 0.8898550725,
      "r": 0.8445667125,
      "f": 0.8666196189
    },
    "Hyph": {
      "p": 1.0,
      "r": 1.0,
      "f": 1.0
    },
    "VerbType": {
      "p": 0.9215686275,
      "r": 0.9155844156,
      "f": 0.9185667752
    },
    "ConjType": {
      "p": 0.9591836735,
      "r": 0.9337748344,
      "f": 0.9463087248
    },
    "Clitic": {
      "p": 0.9428571429,
      "r": 0.9753694581,
      "f": 0.9588377724
    },
    "Poss": {
      "p": 1.0,
      "r": 0.9824561404,
      "f": 0.9911504425
    },
    "Number[psor]": {
      "p": 1.0,
      "r": 0.9607843137,
      "f": 0.98
    },
    "PartType": {
      "p": 0.9672131148,
      "r": 0.8805970149,
      "f": 0.921875
    },
    "Abbr": {
      "p": 0.9343434343,
      "r": 0.9068627451,
      "f": 0.92039801
    },
    "Pun": {
      "p": 0.9202453988,
      "r": 0.8720930233,
      "f": 0.8955223881
    },
    "PunctSide": {
      "p": 1.0,
      "r": 0.9708333333,
      "f": 0.9852008457
    },
    "Foreign": {
      "p": 0.5,
      "r": 0.8333333333,
      "f": 0.625
    },
    "Emphatic": {
      "p": 1.0,
      "r": 0.5,
      "f": 0.6666666667
    },
    "Polite": {
      "p": 1.0,
      "r": 1.0,
      "f": 1.0
    }
  },
  "sents_p": 0.9615558571,
  "sents_r": 0.9598194131,
  "sents_f": 0.9606868504,
  "dep_uas": 0.8774553377,
  "dep_las": 0.7968842575,
  "dep_las_per_type": {
    "nsubj": {
      "p": 0.8176527643,
      "r": 0.8346534653,
      "f": 0.8260656541
    },
    "case": {
      "p": 0.9658563234,
      "r": 0.9695640252,
      "f": 0.9677066229
    },
    "amod": {
      "p": 0.8649475524,
      "r": 0.8878420817,
      "f": 0.8762452956
    },
    "nmod": {
      "p": 0.5413122722,
      "r": 0.5527295285,
      "f": 0.546961326
    },
    "cc": {
      "p": 0.8657004831,
      "r": 0.8724440117,
      "f": 0.8690591659
    },
    "conj": {
      "p": 0.6382036686,
      "r": 0.6551948052,
      "f": 0.6465876322
    },
    "root": {
      "p": 0.9213737009,
      "r": 0.9205417607,
      "f": 0.9209575429
    },
    "obl": {
      "p": 0.694274597,
      "r": 0.6832603939,
      "f": 0.6887234629
    },
    "obl:arg": {
      "p": 0.6512758202,
      "r": 0.6298472385,
      "f": 0.6403823178
    },
    "nummod": {
      "p": 0.8571428571,
      "r": 0.8571428571,
      "f": 0.8571428571
    },
    "obj": {
      "p": 0.796013289,
      "r": 0.7840314136,
      "f": 0.7899769205
    },
    "advcl": {
      "p": 0.7074626866,
      "r": 0.6849710983,
      "f": 0.6960352423
    },
    "iobj": {
      "p": 0.7351443124,
      "r": 0.6734059098,
      "f": 0.7029220779
    },
    "det:numgov": {
      "p": 0.9615384615,
      "r": 0.8620689655,
      "f": 0.9090909091
    },
    "acl": {
      "p": 0.7053571429,
      "r": 0.6422764228,
      "f": 0.6723404255
    },
    "nmod:arg": {
      "p": 0.5755319149,
      "r": 0.6211251435,
      "f": 0.5974599669
    },
    "fixed": {
      "p": 0.8550724638,
      "r": 0.7682291667,
      "f": 0.8093278464
    },
    "nummod:gov": {
      "p": 0.8349514563,
      "r": 0.7962962963,
      "f": 0.8151658768
    },
    "obl:agent": {
      "p": 0.8620689655,
      "r": 0.8196721311,
      "f": 0.8403361345
    },
    "expl:pv": {
      "p": 0.9685430464,
      "r": 0.975,
      "f": 0.9717607973
    },
    "advmod": {
      "p": 0.8077586207,
      "r": 0.8366071429,
      "f": 0.8219298246
    },
    "acl:relcl": {
      "p": 0.7092198582,
      "r": 0.6896551724,
      "f": 0.6993006993
    },
    "advmod:emph": {
      "p": 0.6981519507,
      "r": 0.7053941909,
      "f": 0.701754386
    },
    "mark": {
      "p": 0.8732193732,
      "r": 0.8695035461,
      "f": 0.8713574982
    },
    "ccomp:obj": {
      "p": 0.5909090909,
      "r": 0.5777777778,
      "f": 0.5842696629
    },
    "advcl:relcl": {
      "p": 0.1428571429,
      "r": 0.25,
      "f": 0.1818181818
    },
    "appos": {
      "p": 0.6079295154,
      "r": 0.5774058577,
      "f": 0.5922746781
    },
    "xcomp": {
      "p": 0.90625,
      "r": 0.9144144144,
      "f": 0.9103139013
    },
    "advmod:neg": {
      "p": 0.9696969697,
      "r": 0.9723756906,
      "f": 0.9710344828
    },
    "det": {
      "p": 0.9183168317,
      "r": 0.8896882494,
      "f": 0.9037758831
    },
    "cop": {
      "p": 0.8732394366,
      "r": 0.8378378378,
      "f": 0.8551724138
    },
    "flat": {
      "p": 0.8093645485,
      "r": 0.8402777778,
      "f": 0.8245315162
    },
    "nsubj:pass": {
      "p": 0.7818181818,
      "r": 0.7889908257,
      "f": 0.7853881279
    },
    "aux:pass": {
      "p": 0.9256756757,
      "r": 0.9513888889,
      "f": 0.9383561644
    },
    "aux:imp": {
      "p": 1.0,
      "r": 1.0,
      "f": 1.0
    },
    "advcl:cmpr": {
      "p": 0.6,
      "r": 0.375,
      "f": 0.4615384615
    },
    "obl:cmpr": {
      "p": 0.6578947368,
      "r": 0.5617977528,
      "f": 0.6060606061
    },
    "ccomp": {
      "p": 0.600896861,
      "r": 0.6261682243,
      "f": 0.6132723112
    },
    "nmod:poss": {
      "p": 0.3333333333,
      "r": 0.1666666667,
      "f": 0.2222222222
    },
    "parataxis:insert": {
      "p": 0.5782312925,
      "r": 0.4187192118,
      "f": 0.4857142857
    },
    "det:poss": {
      "p": 0.9759036145,
      "r": 0.9418604651,
      "f": 0.9585798817
    },
    "aux": {
      "p": 0.7948717949,
      "r": 0.8532110092,
      "f": 0.8230088496
    },
    "xcomp:pred": {
      "p": 0.5945945946,
      "r": 0.5365853659,
      "f": 0.5641025641
    },
    "cc:preconj": {
      "p": 0.5,
      "r": 0.4615384615,
      "f": 0.48
    },
    "dep": {
      "p": 0.0,
      "r": 0.0,
      "f": 0.0
    },
    "vocative": {
      "p": 0.7272727273,
      "r": 0.5714285714,
      "f": 0.64
    },
    "parataxis:obj": {
      "p": 0.7073170732,
      "r": 0.7512953368,